﻿Customer Reference ID,Country,Signup Date,Reward Plan,Marketing Source Name,URL,Expiry Date,Customer Type,Total Net Revenue,Total Net Revenue MTD,Details
137545,Austria,28/08/2017,5% RevShare,CasAT,abc.com,0,Generic,20.00,0,List Activity
144169,Germany,04/11/2017,5% RevShare,CasDE,abc.com,0,Generic,3.00,0,List Activity
145140,Germany,15/11/2017,5% RevShare,CasDE,abc.com,0,Generic,91.00,0,List Activity
146225,Germany,30/11/2017,5% RevShare,CasDE,abc.com,0,Generic,10.00,0,List Activity
326671,Germany,01/03/2018,5% RevShare,CasDE,abc.com,0,Generic,4.00,0,List Activity
327133,Germany,14/03/2018,5% RevShare,CasDE,abc.com,0,Generic,-3490.00,0,List Activity
327165,Germany,15/03/2018,5% RevShare,CasDE,abc.com,0,Generic,31.00,0,List Activity
327328,Germany,21/03/2018,5% RevShare,CasDE,abc.com,0,Generic,179.00,0,List Activity
327705,Germany,03/04/2018,5% RevShare,CasDE,abc.com,0,Generic,0.00,0,List Activity
327763,Germany,04/04/2018,5% RevShare,CasDE,abc.com,0,Generic,0.00,0,List Activity
327846,Germany,07/04/2018,5% RevShare,CasDE,abc.com,0,Generic,0.00,0,List Activity
327912,Germany,09/04/2018,5% RevShare,CasDE,abc.com,0,Generic,42.00,0,List Activity
328023,Germany,12/04/2018,5% RevShare,CasDE,abc.com,0,Generic,0.00,0,List Activity
328134,Germany,14/04/2018,5% RevShare,CasDE,abc.com,0,Generic,88.00,0,List Activity
328527,Germany,27/04/2018,5% RevShare,CasDE,abc.com,0,Generic,640.00,0,List Activity
328548,Germany,27/04/2018,5% RevShare,CasDE,abc.com,0,Generic,0.00,0,List Activity
328730,Germany,02/05/2018,5% RevShare,CasDE,abc.com,0,Generic,426.00,0,List Activity
328823,Germany,04/05/2018,5% RevShare,CasDE,abc.com,0,Generic,1267.00,0,List Activity
328833,Germany,04/05/2018,5% RevShare,CasDE,abc.com,0,Generic,197.00,0,List Activity
328851,Germany,05/05/2018,5% RevShare,CasDE,abc.com,0,Generic,-255.00,0,List Activity
328887,Germany,05/05/2018,5% RevShare,CasDE,abc.com,0,Generic,20.00,0,List Activity
328949,Germany,06/05/2018,5% RevShare,CasDE,abc.com,0,Generic,77.00,0,List Activity
329001,Germany,08/05/2018,5% RevShare,CasDE,abc.com,0,Generic,103.00,0,List Activity
329003,Germany,08/05/2018,5% RevShare,CasDE,abc.com,0,Generic,25.00,0,List Activity
329015,Germany,08/05/2018,5% RevShare,CasDE,abc.com,0,Generic,212.00,0,List Activity
329043,Germany,09/05/2018,5% RevShare,CasDE,abc.com,0,Generic,586.00,0,List Activity
329065,Germany,09/05/2018,5% RevShare,CasDE,abc.com,0,Generic,12.00,0,List Activity
329184,Germany,12/05/2018,5% RevShare,CasDE,abc.com,0,Generic,10.00,0,List Activity
329198,Germany,13/05/2018,5% RevShare,CasDE,abc.com,0,Generic,208.00,0,List Activity
329303,Germany,16/05/2018,5% RevShare,CasDE,abc.com,0,Generic,146.00,0,List Activity
329307,Germany,16/05/2018,5% RevShare,CasDE,abc.com,0,Generic,177.00,0,List Activity
329393,Germany,18/05/2018,5% RevShare,CasDE,abc.com,0,Generic,9.00,0,List Activity
329465,Germany,20/05/2018,5% RevShare,CasDE,abc.com,0,Generic,19.00,0,List Activity
329469,Germany,20/05/2018,5% RevShare,CasDE,abc.com,0,Generic,209.00,0,List Activity
329479,Germany,20/05/2018,5% RevShare,CasDE,abc.com,0,Generic,-7.00,0,List Activity
329546,Germany,23/05/2018,5% RevShare,CasDE,abc.com,0,Generic,63.00,0,List Activity
329656,Germany,28/05/2018,5% RevShare,CasDE,abc.com,0,Generic,864.00,0,List Activity
329679,Germany,29/05/2018,5% RevShare,CasDE,abc.com,0,Generic,359.00,0,List Activity
329705,Germany,30/05/2018,5% RevShare,CasDE,abc.com,0,Generic,42.00,0,List Activity
329747,Germany,31/05/2018,5% RevShare,CasDE,abc.com,0,Generic,71.00,0,List Activity
329752,Germany,31/05/2018,5% RevShare,CasDE,abc.com,0,Generic,379.00,0,List Activity
Totals:,,,,,,,,2849.00,0,
,,,,,,,,,,
,,,,,,,,,,
,,,,,,,,,,
,,,,,,,,,,
,,,,,,,,,,
,,,,,,,,,,
,,,,,,,,,,
,,,,,,,,,,
,,,,,,,,,,
,,,,,,,,,,
,,,,,,,,,,
,,,,,,,,,,
,,,,,,,,,,
,,,,,,,,,,
,,,,,,,,,,
,,,,,,,,,,
,,,,,,,,,,
,,,,,,,,,,
,,,,,,,,,,
,,,,,,,,,,
,,,,,,,,,,
,,,,,,,,,,
,,,,,,,,,,
,,,,,,,,,,
,,,,,,,,,,
,,,,,,,,,,
,,,,,,,,,,
,,,,,,,,,,
,,,,,,,,,,
,,,,,,,,,,
,,,,,,,,,,
,,,,,,,,,,
,,,,,,,,,,
,,,,,,,,,,
,,,,,,,,,,
,,,,,,,,,,
,,,,,,,,,,
,,,,,,,,,,
,,,,,,,,,,
,,,,,,,,,,
,,,,,,,,,,
,,,,,,,,,,
,,,,,,,,,,
,,,,,,,,,,
,,,,,,,,,,
,,,,,,,,,,
,,,,,,,,,,
,,,,,,,,,,
,,,,,,,,,,
,,,,,,,,,,
,,,,,,,,,,
,,,,,,,,,,
,,,,,,,,,,
,,,,,,,,,,
,,,,,,,,,,
,,,,,,,,,,
,,,,,,,,,,
,,,,,,,,,,
,,,,,,,,,,
,,,,,,,,,,
,,,,,,,,,,
,,,,,,,,,,
,,,,,,,,,,
,,,,,,,,,,
,,,,,,,,,,
,,,,,,,,,,
,,,,,,,,,,
,,,,,,,,,,
,,,,,,,,,,
,,,,,,,,,,
,,,,,,,,,,
,,,,,,,,,,
,,,,,,,,,,
,,,,,,,,,,
,,,,,,,,,,
,,,,,,,,,,
,,,,,,,,,,
,,,,,,,,,,
,,,,,,,,,,
,,,,,,,,,,
,,,,,,,,,,
,,,,,,,,,,
,,,,,,,,,,
,,,,,,,,,,
,,,,,,,,,,
,,,,,,,,,,
,,,,,,,,,,
,,,,,,,,,,
,,,,,,,,,,
,,,,,,,,,,
,,,,,,,,,,
